Date,Asset,Signal,EntryPrice,InitialStopLoss,TrailingStop,ExitPrice,ExitType,PnL
2025-03-18 07:25:00-04:00,Unknown,SELL,232.5,292.5,278.99,278.99,Trailing SL,-46.49
2025-03-18 07:30:00-04:00,Unknown,SELL,231.46,291.46,278.99,278.99,Trailing SL,-47.53
2025-03-18 07:35:00-04:00,Unknown,SELL,230.2,290.2,278.99,278.99,Trailing SL,-48.79
2025-03-18 07:45:00-04:00,Unknown,BUY,231.0,171.0,280.99,280.9,Trailing SL,49.9
2025-03-18 07:55:00-04:00,Unknown,BUY,231.55,171.55,280.99,280.9,Trailing SL,49.35
2025-03-18 08:35:00-04:00,Unknown,SELL,229.48,289.48,278.99,278.99,Trailing SL,-49.51
2025-03-18 08:55:00-04:00,Unknown,SELL,228.55,288.55,278.99,278.99,Trailing SL,-50.44
2025-03-18 09:05:00-04:00,Unknown,BUY,228.47,168.47,280.99,280.9,Trailing SL,52.43
2025-03-18 11:40:00-04:00,Unknown,SELL,228.11,288.11,278.99,278.99,Trailing SL,-50.88
2025-03-18 13:55:00-04:00,Unknown,SELL,225.15,285.15,278.99,278.99,Trailing SL,-53.84
2025-03-18 14:00:00-04:00,Unknown,SELL,224.18,284.18,278.99,278.99,Trailing SL,-54.81
2025-03-18 14:10:00-04:00,Unknown,SELL,223.45,283.45,278.99,278.99,Trailing SL,-55.54
2025-03-18 14:15:00-04:00,Unknown,BUY,224.43,164.43,280.99,280.9,Trailing SL,56.47
2025-03-18 14:20:00-04:00,Unknown,BUY,225.2,165.2,280.99,280.9,Trailing SL,55.7
2025-03-19 04:00:00-04:00,Unknown,BUY,228.94,168.94,280.99,280.9,Trailing SL,51.96
2025-03-19 04:25:00-04:00,Unknown,BUY,229.89,169.89,280.99,280.9,Trailing SL,51.01
2025-03-19 04:30:00-04:00,Unknown,BUY,230.99,170.99,280.99,280.9,Trailing SL,49.91
2025-03-19 04:35:00-04:00,Unknown,SELL,230.29,290.29,278.99,278.99,Trailing SL,-48.7
2025-03-19 04:45:00-04:00,Unknown,BUY,230.7,170.7,280.99,280.9,Trailing SL,50.2
2025-03-19 05:40:00-04:00,Unknown,SELL,232.0,292.0,278.99,278.99,Trailing SL,-46.99
2025-03-19 06:00:00-04:00,Unknown,BUY,233.7,173.7,280.99,280.9,Trailing SL,47.2
2025-03-19 06:15:00-04:00,Unknown,BUY,233.84,173.84,280.99,280.9,Trailing SL,47.06
2025-03-19 10:05:00-04:00,Unknown,BUY,232.23,172.23,280.99,280.9,Trailing SL,48.67
2025-03-19 10:25:00-04:00,Unknown,SELL,231.33,291.33,278.99,278.99,Trailing SL,-47.66
2025-03-19 13:40:00-04:00,Unknown,SELL,233.9,293.9,278.99,278.99,Trailing SL,-45.09
2025-03-19 13:45:00-04:00,Unknown,SELL,233.02,293.02,278.99,278.99,Trailing SL,-45.97
2025-03-19 14:50:00-04:00,Unknown,BUY,235.87,175.87,280.99,280.9,Trailing SL,45.03
2025-03-19 14:55:00-04:00,Unknown,BUY,237.47,177.47,280.99,280.9,Trailing SL,43.43
2025-03-19 15:00:00-04:00,Unknown,BUY,238.67,178.67,280.99,280.9,Trailing SL,42.23
2025-03-19 15:05:00-04:00,Unknown,BUY,240.78,180.78,280.99,280.9,Trailing SL,40.12
2025-03-19 15:15:00-04:00,Unknown,SELL,239.05,299.05,278.99,278.99,Trailing SL,-39.94
2025-03-19 15:20:00-04:00,Unknown,SELL,237.78,297.78,278.99,278.99,Trailing SL,-41.21
2025-03-19 19:25:00-04:00,Unknown,BUY,239.52,179.52,280.99,280.9,Trailing SL,41.38
2025-03-19 19:45:00-04:00,Unknown,BUY,239.96,179.96,280.99,280.9,Trailing SL,40.94
2025-03-20 04:00:00-04:00,Unknown,BUY,241.64,181.64,280.99,280.9,Trailing SL,39.26
2025-03-20 04:05:00-04:00,Unknown,SELL,240.77,300.77,278.99,278.99,Trailing SL,-38.22
2025-03-20 04:15:00-04:00,Unknown,SELL,239.67,299.67,278.99,278.99,Trailing SL,-39.32
2025-03-20 04:20:00-04:00,Unknown,BUY,240.19,180.19,280.99,280.9,Trailing SL,40.71
2025-03-20 04:25:00-04:00,Unknown,SELL,239.88,299.88,278.99,278.99,Trailing SL,-39.11
2025-03-20 05:10:00-04:00,Unknown,SELL,236.92,296.92,278.99,278.99,Trailing SL,-42.07
2025-03-20 05:15:00-04:00,Unknown,BUY,237.78,177.78,280.99,280.9,Trailing SL,43.12
2025-03-20 05:20:00-04:00,Unknown,SELL,236.7,296.7,278.99,278.99,Trailing SL,-42.29
2025-03-20 05:25:00-04:00,Unknown,SELL,234.94,294.94,278.99,278.99,Trailing SL,-44.05
2025-03-20 05:35:00-04:00,Unknown,BUY,235.43,175.43,280.99,280.9,Trailing SL,45.47
2025-03-20 06:55:00-04:00,Unknown,BUY,233.56,173.56,280.99,280.9,Trailing SL,47.34
2025-03-20 07:00:00-04:00,Unknown,SELL,232.02,292.02,278.99,278.99,Trailing SL,-46.97
2025-03-20 07:10:00-04:00,Unknown,BUY,232.6,172.6,280.99,280.9,Trailing SL,48.3
2025-03-20 09:05:00-04:00,Unknown,SELL,232.1,292.1,278.99,278.99,Trailing SL,-46.89
2025-03-20 09:10:00-04:00,Unknown,BUY,232.77,172.77,280.99,280.9,Trailing SL,48.13
2025-03-20 09:25:00-04:00,Unknown,BUY,233.39,173.39,280.99,280.9,Trailing SL,47.51
2025-03-20 10:05:00-04:00,Unknown,SELL,236.23,296.23,278.99,278.99,Trailing SL,-42.76
2025-03-20 11:25:00-04:00,Unknown,SELL,234.07,294.07,278.99,278.99,Trailing SL,-44.92
2025-03-20 11:30:00-04:00,Unknown,SELL,231.27,291.27,278.99,278.99,Trailing SL,-47.72
2025-03-20 11:45:00-04:00,Unknown,BUY,232.5,172.5,280.99,280.9,Trailing SL,48.4
2025-03-20 11:55:00-04:00,Unknown,SELL,231.92,291.92,278.99,278.99,Trailing SL,-47.07
2025-03-20 13:05:00-04:00,Unknown,BUY,235.53,175.53,280.99,280.9,Trailing SL,45.37
2025-03-20 13:20:00-04:00,Unknown,SELL,234.87,294.87,278.99,278.99,Trailing SL,-44.12
2025-03-20 13:25:00-04:00,Unknown,SELL,234.27,294.27,278.99,278.99,Trailing SL,-44.72
2025-03-20 13:35:00-04:00,Unknown,BUY,236.16,176.16,280.99,280.9,Trailing SL,44.74
2025-03-20 13:50:00-04:00,Unknown,SELL,235.08,295.08,278.99,278.99,Trailing SL,-43.91
2025-03-20 15:45:00-04:00,Unknown,BUY,235.17,175.17,280.99,280.9,Trailing SL,45.73
2025-03-20 15:55:00-04:00,Unknown,BUY,236.25,176.25,280.99,280.9,Trailing SL,44.65
2025-03-20 17:35:00-04:00,Unknown,SELL,235.6,295.6,278.99,278.99,Trailing SL,-43.39
2025-03-20 17:55:00-04:00,Unknown,SELL,235.69,295.69,278.99,278.99,Trailing SL,-43.3
2025-03-20 18:05:00-04:00,Unknown,SELL,235.18,295.18,278.99,278.99,Trailing SL,-43.81
2025-03-20 18:15:00-04:00,Unknown,BUY,235.59,175.59,280.99,280.9,Trailing SL,45.31
2025-03-20 18:35:00-04:00,Unknown,BUY,235.8,175.8,280.99,280.9,Trailing SL,45.1
2025-03-21 05:20:00-04:00,Unknown,BUY,234.88,174.88,280.99,280.9,Trailing SL,46.02
2025-03-21 05:30:00-04:00,Unknown,BUY,235.21,175.21,280.99,280.9,Trailing SL,45.69
2025-03-21 05:40:00-04:00,Unknown,SELL,234.88,294.88,278.99,278.99,Trailing SL,-44.11
2025-03-21 09:30:00-04:00,Unknown,BUY,239.91,179.91,280.99,280.9,Trailing SL,40.99
2025-03-21 12:55:00-04:00,Unknown,BUY,246.8,186.8,280.99,280.9,Trailing SL,34.1
2025-03-21 13:10:00-04:00,Unknown,SELL,244.84,304.84,278.99,278.99,Trailing SL,-34.15
2025-03-21 13:20:00-04:00,Unknown,BUY,245.6,185.6,280.99,280.9,Trailing SL,35.3
2025-03-21 15:00:00-04:00,Unknown,SELL,245.43,305.43,278.99,278.99,Trailing SL,-33.56
2025-03-24 05:50:00-04:00,Unknown,SELL,257.88,317.88,278.99,278.99,Trailing SL,-21.11
2025-03-24 09:30:00-04:00,Unknown,BUY,262.02,202.02,280.99,280.9,Trailing SL,18.88
2025-03-24 13:10:00-04:00,Unknown,SELL,272.81,332.81,278.99,278.99,Trailing SL,-6.18
2025-03-24 16:40:00-04:00,Unknown,BUY,279.94,219.94,280.99,280.9,Trailing SL,0.96
2025-03-24 16:45:00-04:00,Unknown,BUY,280.73,220.73,280.99,280.9,Trailing SL,0.17
2025-03-24 16:55:00-04:00,Unknown,BUY,281.3,221.3,280.99,280.9,Trailing SL,-0.4
2025-03-24 17:00:00-04:00,Unknown,BUY,281.86,221.86,280.99,280.9,Trailing SL,-0.96
2025-03-24 17:35:00-04:00,Unknown,BUY,282.49,222.49,280.99,280.9,Trailing SL,-1.59
2025-03-24 17:40:00-04:00,Unknown,SELL,282.05,342.05,278.99,278.99,Trailing SL,3.06
2025-03-24 17:50:00-04:00,Unknown,SELL,282.15,342.15,278.99,278.99,Trailing SL,3.16
2025-03-24 17:55:00-04:00,Unknown,SELL,281.8,341.8,278.99,278.99,Trailing SL,2.81
2025-03-24 18:40:00-04:00,Unknown,SELL,280.23,340.23,278.99,278.99,Trailing SL,1.24
2025-03-24 19:10:00-04:00,Unknown,SELL,280.25,340.25,278.99,278.99,Trailing SL,1.26
